username,password,fullname,email
ayse,besli0,aysebesli,ayse@abc.com
halil,besli1,halilbesli,halil@abc.com
mehmet,besli2,mbesli,mehmet@abc.com
osman,besli3,osmanbesli,osman@abc.com
ilyas,besli4,ilyasbesli,ilyas@abc.com
feyzullah,besli5,feyzullahbesli,feyzullah@abc.com
ali,besli6,alibesli,ali@abc.com
aynizeliha,besli7,aynizelihabesli,mehmet@abc.com
muhammed,besli8,muhammedbesli,muhammed@abc.com
ahmet,besli9,ahmetbesli,ahmet@abc.com